<?xml version="1.0" encoding="UTF-8"?>
<xLang19 xmlns:xsi="http://www.w3.org/2001/XMLSchema-instance" xsi:noNamespaceSchemaLocation="xLang2019.xsd">
	<Author>Su-Hyun Lee</Author>
	<Function>
		<Name>main</Name>
    <Parameter></Parameter>
		<Statement>
			<Assign>
				<Variable>a</Variable>
				<Number>1</Number>
			</Assign>
			<Assign>
				<Variable>sum</Variable>
				<Number>0</Number>
			</Assign>
			<Input>
				<Variable>n</Variable>
			</Input>
			<While>
				<LE>
					<Variable>a</Variable>
					<Variable>n</Variable>
				</LE>
				<Loop>
					<Assign>
						<Variable>sum</Variable>
						<Plus>
							<Variable>sum</Variable>
							<Variable>a</Variable>
						</Plus>
					</Assign>
					<Assign>
						<Variable>a</Variable>
						<Plus>
							<Variable>a</Variable>
							<Number>1</Number>
						</Plus>
					</Assign>
				</Loop>
			</While>
			<Output>
				<Variable>sum</Variable>
			</Output>
			<Return>
				<Number>0</Number>
			</Return>
		</Statement>
	</Function>
</xLang19>
