<?xml version="1.0" encoding="UTF-8"?>
<xLang19 xmlns:xsi="http://www.w3.org/2001/XMLSchema-instance" xsi:noNamespaceSchemaLocation="xLang2019.xsd">
	<Author>Su-Hyun Lee</Author>
	<Function>
		<Name>main</Name>
    <Parameter></Parameter>
		<Statement>
			<Input>
				<Variable>n</Variable>
			</Input>
			<Return>
				<Fcall>
					<Fname>recursive</Fname>
					<Argument>
						<Variable>n</Variable>
					</Argument>
				</Fcall>
			</Return>
		</Statement>
	</Function>
	<Function>
    <Name>recursive</Name>
		<Parameter>
			<Variable>n</Variable>
		</Parameter>
		<Statement>
			<If>
				<EQ>
					<Variable>n</Variable>
					<Number>1</Number>
				</EQ>
				<Then>
					<Return>
						<Number>0</Number>
					</Return>
				</Then>
				<Else>
					<If>
						<EQ>
              <Fcall>
								<Fname>prime</Fname>
                <Argument>
									<Variable>n</Variable>
								</Argument>
							</Fcall>
							<Number>1</Number>
						</EQ>
						<Then>
							<Output>
								<Variable>n</Variable>
							</Output>
						</Then>
					</If>
					<Return>
            <Fcall>
							<Fname>recursive</Fname>
              <Argument>
								<Minus>
									<Variable>n</Variable>
									<Number>1</Number>
								</Minus>
							</Argument>
						</Fcall>
					</Return>
				</Else>
			</If>
		</Statement>
	</Function>
	<Function>
    <Name>prime</Name>
		<Parameter>
			<Variable>i</Variable>
		</Parameter>
		<Statement>
			<Assign>
				<Variable>p</Variable>
				<Number>1</Number>
				<Variable>j</Variable>
				<Number>2</Number>
			</Assign>
			<While>
				<LT>
					<Variable>j</Variable>
					<Variable>i</Variable>
				</LT>
				<Loop>
					<If>
						<EQ>
							<Mod>
								<Variable>i</Variable>
								<Variable>j</Variable>
							</Mod>
							<Number>0</Number>
						</EQ>
						<Then>
							<Assign>
								<Variable>p</Variable>
								<Number>0</Number>
							</Assign>
						</Then>
					</If>
					<Assign>
						<Variable>j</Variable>
						<Plus>
							<Variable>j</Variable>
							<Number>1</Number>
						</Plus>
					</Assign>
				</Loop>
			</While>
			<Return>
				<Variable>p</Variable>
			</Return>
		</Statement>
	</Function>
</xLang19>
